﻿{
  "SystemName": "FurnishTheme",
  "FriendlyName": "FurnishTheme",
  "SupportRTL": false,
  "PreviewImageUrl": "~/Themes/FurnishTheme/FurnishTheme.png",
  "PreviewText": "Easily launch your furniture store on nopCommerce with the seamless integration of the Furnish theme, providing an appealing aesthetic to your online presence. Leveraging the power of Bootstrap 4, along with cutting-edge HTML5 and CSS3 techniques, this theme ensures a visually striking and fully responsive experience for your customers. Its user-friendly customization options allow you to tailor the design effortlessly to align with your distinctive brand identity."
}