<?xml version="1.0" encoding="utf-8"?>
<Language Name="Lietuviu" IsDefault="false" IsRightToLeft="false">
  <LocaleResource Name="AdminEmail">
    <Value>Administratoriaus el. pašto adresas</Value>
  </LocaleResource>
  <LocaleResource Name="AdminEmailRequired">
    <Value>Įveskite administratoriaus vartotojo slaptažodį</Value>
  </LocaleResource>
  <LocaleResource Name="AdminPassword">
    <Value>Administratoriaus vartotojo slaptažodis</Value>
  </LocaleResource>
  <LocaleResource Name="AdminPasswordRequired">
    <Value>Įveskite administratoriaus slaptažodį</Value>
  </LocaleResource>
  <LocaleResource Name="ConfigureDirectoryPermissions">
    <Value>Vartotojas  '{0}' neturi teisių keisti katalogą  '{1}'. Prašome pakeisti teisių nustatymus.</Value>
  </LocaleResource>
  <LocaleResource Name="ConfigureFilePermissions">
    <Value>Vartotojas '{0}' neturi teisių keisti bylą '{1}'. Prašome pakeisti teisių nustatymus.</Value>
  </LocaleResource>
  <LocaleResource Name="ConfirmPassword">
    <Value>Patvirtinkite slaptažodį</Value>
  </LocaleResource>
  <LocaleResource Name="ConfirmPasswordRequired">
    <Value>Pakartokite slaptažodį</Value>
  </LocaleResource>
  <LocaleResource Name="ConnectionString">
    <Value>Prisijungimo eilutė</Value>
  </LocaleResource>
  <LocaleResource Name="ConnectionStringRequired">
    <Value>A SQL connection string is required</Value>
  </LocaleResource>
  <LocaleResource Name="ConnectionStringWrongFormat">
    <Value>Neteisinga SQL prisijungimo struktūra</Value>
  </LocaleResource>
  <LocaleResource Name="Country">
    <Value>Country</Value>
  </LocaleResource>
  <LocaleResource Name="CountrySelect">
    <Value>Select your country...</Value>
  </LocaleResource>
  <LocaleResource Name="CreateDatabaseIfDoesNotExist">
    <Value>Sukurti duomenų bazė jei tokia neegzistuoja</Value>
  </LocaleResource>
  <LocaleResource Name="CreateSampleData">
    <Value>Sukurti pavyzdinius duomenis</Value>
  </LocaleResource>
  <LocaleResource Name="CustomCollation">
    <Value>Specify custom collation</Value>
  </LocaleResource>
  <LocaleResource Name="Database">
    <Value>Duomenų bazė</Value>
  </LocaleResource>
  <LocaleResource Name="DatabaseCreationError">
    <Value>Įvyko klaida kuriant kalbą:{0}</Value>
  </LocaleResource>
  <LocaleResource Name="DatabaseInformation">
    <Value>Duomenų bazės informacija</Value>
  </LocaleResource>
  <LocaleResource Name="DatabaseName">
    <Value>Duomenų bazės pavadinimas</Value>
  </LocaleResource>
  <LocaleResource Name="DatabaseNotExists">
    <Value>Duomenų bazės nėra arba jūs neturite leidimų prisijungti prie jos</Value>
  </LocaleResource>
  <LocaleResource Name="DataProviderRequired">
    <Value>Pasirinkite duomenų teikėją</Value>
  </LocaleResource>
  <LocaleResource Name="Documentation1">
    <Value>Jei jums reikia informacijos, kaip naudotis nopCommerce, apsilankykite</Value>
  </LocaleResource>
  <LocaleResource Name="Documentation2">
    <Value>the documentation section on nopCommerce.com</Value>
  </LocaleResource>
  <LocaleResource Name="Example">
    <Value>Example</Value>
  </LocaleResource>
  <LocaleResource Name="Install">
    <Value>Install</Value>
  </LocaleResource>
  <LocaleResource Name="Installing">
    <Value>Installing nopCommerce...</Value>
  </LocaleResource>
  <LocaleResource Name="IntegratedAuthentication">
    <Value>Use integrated Windows authentication</Value>
  </LocaleResource>
  <LocaleResource Name="MySql">
    <Value>MySQL</Value>
  </LocaleResource>
  <LocaleResource Name="PasswordsDoNotMatch">
    <Value>The passwords do not match</Value>
  </LocaleResource>
  <LocaleResource Name="PostgreSQL">
    <Value>PostgreSQL</Value>
  </LocaleResource>
  <LocaleResource Name="RawConnectionString">
    <Value>Enter raw connection string (advanced)</Value>
  </LocaleResource>
  <LocaleResource Name="RestartInstallation">
    <Value>Restart installation</Value>
  </LocaleResource>
  <LocaleResource Name="RestartInstallationTooltip">
    <Value>Click to restart the installation process (clear all cached values)</Value>
  </LocaleResource>
  <LocaleResource Name="RestartProgress">
    <Value>Restarting...</Value>
  </LocaleResource>
  <LocaleResource Name="ServerName">
    <Value>Server name</Value>
  </LocaleResource>
  <LocaleResource Name="ServerNameRequired">
    <Value>Server name is required</Value>
  </LocaleResource>
  <LocaleResource Name="SetupFailed">
    <Value>Setup failed: {0}</Value>
  </LocaleResource>
  <LocaleResource Name="SqlPassword">
    <Value>SQL Password</Value>
  </LocaleResource>
  <LocaleResource Name="SqlPasswordRequired">
    <Value>SQL Password is required</Value>
  </LocaleResource>
  <LocaleResource Name="SqlServer">
    <Value>Microsoft SQL Server</Value>
  </LocaleResource>
  <LocaleResource Name="SqlUsername">
    <Value>SQL Username</Value>
  </LocaleResource>
  <LocaleResource Name="SqlUsernameRequired">
    <Value>SQL Username is required</Value>
  </LocaleResource>
  <LocaleResource Name="StoreInformation">
    <Value>Store information</Value>
  </LocaleResource>
  <LocaleResource Name="SubscribeNewsletters">
    <Value>Subscribe to nopCommerce newsletter</Value>
  </LocaleResource>
  <LocaleResource Name="Title">
    <Value>nopCommerce installation</Value>
  </LocaleResource>
  <LocaleResource Name="Tooltip2">
    <Value>To complete this wizard, you must know some information regarding your database server ("connection string"). Please contact your ISP if necessary. If you're installing on a local machine or server, you might need information from your System Admin.</Value>
  </LocaleResource>
</Language>