﻿{
  "InstalledPluginNames": [
    "Obsolete field, using only for compatibility"
  ],
  "InstalledPlugins": [
    {
      "SystemName": "DiscountRequirement.MustBeAssignedToCustomerRole",
      "Version": "4.70.3"
    },
    {
      "SystemName": "Misc.Brevo",
      "Version": "4.70.12"
    },
    {
      "SystemName": "Misc.NopMobileApp",
      "Version": "4.70.1"
    },
    {
      "SystemName": "Misc.Omnisend",
      "Version": "4.70.3"
    },
    {
      "SystemName": "Misc.WebApi.Frontend",
      "Version": "4.70.2"
    },
    {
      "SystemName": "Misc.Zettle",
      "Version": "4.70.7"
    },
    {
      "SystemName": "Payments.CheckMoneyOrder",
      "Version": "4.70.2"
    },
    {
      "SystemName": "Pickup.PickupInStore",
      "Version": "4.70.7"
    },
    {
      "SystemName": "Shipping.FixedByWeightByTotal",
      "Version": "4.70.7"
    },
    {
      "SystemName": "Tax.FixedOrByCountryStateZip",
      "Version": "4.70.5"
    },
    {
      "SystemName": "Widgets.GoogleAnalytics",
      "Version": "4.70.2"
    },
    {
      "SystemName": "Widgets.NivoSlider",
      "Version": "4.70.2"
    },
    {
      "SystemName": "Widgets.What3words",
      "Version": "4.70.4"
    }
  ],
  "PluginNamesToUninstall": [],
  "PluginNamesToDelete": [
    "ExternalAuth.Facebook",
    "MultiFactorAuth.GoogleAuthenticator",
    "Payments.PayPalCommerce",
    "Payments.AmazonPay",
    "Payments.Manual",
    "Shipping.UPS",
    "Tax.Avalara",
    "Widgets.FacebookPixel"
  ],
  "PluginNamesToInstall": []
}